Workbook

Sheet Start here
B2: How this work gets done
C4: Team name
B5: Team | C5: Process name
B6: Process | C6: Name, name@company.com
B7: Your contact | C7: Add a date
B8: Please finish by | C8: 31 Oct
B10: What this is
B11: A record of how your team does this work, in your words. You know it best. We don't. We use it to find routine work a tool could take on, and to protect the work that needs a person.
B12: About 45 minutes. Save as you go. Half-finished answers still help.
B13: Leave out names, customer details and amounts. Write "Customer A".
B15: Your steps
B16: 1 Tasks | C16: List each task, how often, how long, how hard. | D16: =IF(COUNTA(Tasks!C8:C37)=0,"To do",COUNTA(Tasks!C8:C37)&" tasks") -> To do
B17: 2 How you decide | C17: Tell us what you check and when you stop. | D17: =IF(COUNTIF('How you decide'!C8:C37,"?*")=0,"To do",COUNTIF('How you decide'!C8:C37,"?*")&" of "&COUNTA(Tasks!C8:C37)&" tasks") -> To do
B18: 3 Examples | C18: Share real cases, so we can test against them. | D18: =IF(COUNTA(Examples!B8:B66)=0,"To do",COUNTA(Examples!B8:B66)&" examples") -> To do
B19: 4 Tools and data | C19: Where the work happens and what's in there. | D19: =IF(COUNTA('Tools and data'!B8:B26)=0,"To do",COUNTA('Tools and data'!B8:B26)&" listed") -> To do
B20: 5 Worries | C20: Say what concerns you. Mark any red lines. | D20: =IF(COUNTA(Worries!B8:B26)=0,"To do",COUNTA(Worries!B8:B26)&" noted") -> To do
B21: 6 Next steps | C21: Check the list. Add what you need from us. | D21: =IF(COUNTA('Next steps'!B8:B36)=0,"To do",COUNTA('Next steps'!B8:B36)&" actions") -> 4 actions
B23: Our promises
B24: • You decide what stays with people. Mark it on the Tasks tab and in Worries.
B25: • We don't use this to judge anyone's work.
B26: • You see what we build before anyone uses it.
B27: • Ask us to change or remove anything you wrote.
B29: Stuck? Skip the question and tell us on Next steps. Or ask your contact above.
B30: See what we do with each answer →

Sheet Tasks
B1: ← Start here
B2: Tasks
B3: One row per task. Use the order you do them in. Top 5 to 15 tasks is plenty.
B4: Pick answers from the lists. Grey cells fill themselves.
B7: # | C7: What's the task? | D7: Who does it? | E7: How many times? | F7: …per | G7: Minutes each time | H7: Hours a month | I7: How much judgement? | J7: If it goes wrong | K7: Worst case, in one line | L7: What makes it hard? | M7: Who should do it? | N7: Why?
B8: =IF(C8="","",ROW()-7) | H8: {=IF(OR(E8="",F8="",G8=""),"",ROUND(E8*INDEX(Lists!$B$2:$B$5,MATCH(F8,Lists!$A$2:$A$5,0))*G8/60,1))}
B9: =IF(C9="","",ROW()-7) | H9: {=IF(OR(E9="",F9="",G9=""),"",ROUND(E9*INDEX(Lists!$B$2:$B$5,MATCH(F9,Lists!$A$2:$A$5,0))*G9/60,1))}
B10: =IF(C10="","",ROW()-7) | H10: {=IF(OR(E10="",F10="",G10=""),"",ROUND(E10*INDEX(Lists!$B$2:$B$5,MATCH(F10,Lists!$A$2:$A$5,0))*G10/60,1))}
B11: =IF(C11="","",ROW()-7) | H11: {=IF(OR(E11="",F11="",G11=""),"",ROUND(E11*INDEX(Lists!$B$2:$B$5,MATCH(F11,Lists!$A$2:$A$5,0))*G11/60,1))}
B12: =IF(C12="","",ROW()-7) | H12: {=IF(OR(E12="",F12="",G12=""),"",ROUND(E12*INDEX(Lists!$B$2:$B$5,MATCH(F12,Lists!$A$2:$A$5,0))*G12/60,1))}
B13: =IF(C13="","",ROW()-7) | H13: {=IF(OR(E13="",F13="",G13=""),"",ROUND(E13*INDEX(Lists!$B$2:$B$5,MATCH(F13,Lists!$A$2:$A$5,0))*G13/60,1))}
B14: =IF(C14="","",ROW()-7) | H14: {=IF(OR(E14="",F14="",G14=""),"",ROUND(E14*INDEX(Lists!$B$2:$B$5,MATCH(F14,Lists!$A$2:$A$5,0))*G14/60,1))}
B15: =IF(C15="","",ROW()-7) | H15: {=IF(OR(E15="",F15="",G15=""),"",ROUND(E15*INDEX(Lists!$B$2:$B$5,MATCH(F15,Lists!$A$2:$A$5,0))*G15/60,1))}
B16: =IF(C16="","",ROW()-7) | H16: {=IF(OR(E16="",F16="",G16=""),"",ROUND(E16*INDEX(Lists!$B$2:$B$5,MATCH(F16,Lists!$A$2:$A$5,0))*G16/60,1))}
B17: =IF(C17="","",ROW()-7) | H17: {=IF(OR(E17="",F17="",G17=""),"",ROUND(E17*INDEX(Lists!$B$2:$B$5,MATCH(F17,Lists!$A$2:$A$5,0))*G17/60,1))}
B18: =IF(C18="","",ROW()-7) | H18: {=IF(OR(E18="",F18="",G18=""),"",ROUND(E18*INDEX(Lists!$B$2:$B$5,MATCH(F18,Lists!$A$2:$A$5,0))*G18/60,1))}
B19: =IF(C19="","",ROW()-7) | H19: {=IF(OR(E19="",F19="",G19=""),"",ROUND(E19*INDEX(Lists!$B$2:$B$5,MATCH(F19,Lists!$A$2:$A$5,0))*G19/60,1))}
... B37: =IF(C37="","",ROW()-7) | H37: {=IF(OR(E37="",F37="",G37=""),"",ROUND(E37*INDEX(Lists!$B$2:$B$5,MATCH(F37,Lists!$A$2:$A$5,0))*G37/60,1))}

Sheet How you decide
B1: ← Start here
B2: How you decide
B3: One row per task. This is the part only you can tell us. Short notes are fine.
B4: Tasks appear here as you add them. Fill in the white cells.
B7: Which task? | C7: What do you check first? | D7: What counts as fine? | E7: What makes you stop or push back? | F7: Who do you ask when unsure? | G7: Where is this written down?
B8: =IF(Tasks!C8="","",Tasks!C8)
B9: =IF(Tasks!C9="","",Tasks!C9)
B10: =IF(Tasks!C10="","",Tasks!C10)
B11: =IF(Tasks!C11="","",Tasks!C11)
B12: =IF(Tasks!C12="","",Tasks!C12)
B13: =IF(Tasks!C13="","",Tasks!C13)
B14: =IF(Tasks!C14="","",Tasks!C14)
B15: =IF(Tasks!C15="","",Tasks!C15)
B16: =IF(Tasks!C16="","",Tasks!C16)
B17: =IF(Tasks!C17="","",Tasks!C17)
B18: =IF(Tasks!C18="","",Tasks!C18)
B19: =IF(Tasks!C19="","",Tasks!C19)
... B37: =IF(Tasks!C37="","",Tasks!C37)

Sheet Examples
B1: ← Start here
B2: Examples
B3: Real cases, with names and amounts removed. Aim for 5 per task. Include a few hard ones and a few that went wrong.
B7: Which task? | C7: What was it? | D7: Link or file name | E7: What did you decide? | F7: How did it turn out? | G7: What should have happened? | H7: Hard case? | I7: OK to test on?

Sheet Tools and data
B1: ← Start here
B2: Tools and data
B3: Where the work arrives, happens and ends up. Include email, shared drives and spreadsheets.
B7: Tool or place | C7: What's in it? | D7: Used for which task? | E7: Sensitive information? | F7: Can data be exported? | G7: Who grants access?

Sheet Worries
B1: ← Start here
B2: Worries
B3: Say what concerns you. There are no wrong answers. We turn each one into a rule for how we build.
B7: What worries you? | C7: Which task? | D7: What would make it OK? | E7: How firm is this?

Sheet Next steps
B1: ← Start here
B2: Next steps
B3: What needs to happen next, and who does it. We update this with you.
B7: What needs to happen? | C7: Where did it come from? | D7: Who owns it? | E7: Due | F7: Status | G7: Notes or blockers
B8: Share five real examples for each task | C8: Examples | F8: Not started
B9: Confirm the red lines with your team lead | C9: Worries | F9: Not started
B10: Name one person who can answer our questions | C10: Other | F10: Not started
B11: Book a 30 minute walkthrough | C11: Other | F11: Not started

Sheet What we do with this
B1: ← Start here
B2: What we do with this
B3: Every question has a use. If we can't name one, we don't ask.
B5: Question | C5: What we do with it | D5: What you get from it
B7: Tasks: how many times, minutes | C7: Work out hours a month for each task | D7: A fair view of where time goes
B8: Tasks: how much judgement | C8: Separate rule-following from expert calls | D8: Expert work is not treated as routine
B9: Tasks: if it goes wrong | C9: Set how much checking each task needs | D9: Risky work gets a person in the loop
B10: Tasks: what makes it hard | C10: Pick which problems to solve first | D10: We fix what actually hurts
B11: Tasks: who should do it | C11: Decide what stays with people | D11: Your view comes first
B12: How you decide | C12: Write the rules a tool must follow | D12: The tool follows your standards, not ours
B13: Examples | C13: Test a tool on real cases before use | D13: Mistakes show up in testing, not in your work
B14: Tools and data | C14: Plan access, and protect sensitive data | D14: No surprises about where data goes
B15: Worries | C15: Turn each concern into a rule or a limit | D15: Your red lines become hard limits
B16: Next steps | C16: Track who does what, by when | D16: One list, no chasing

Sheet Summary
B1: ← Start here
B2: Summary
B3: Builds itself from the other tabs. For the facilitator. Do not type here.
B5: Where the time goes
B6: Tasks listed | C6: =COUNTA(Tasks!C8:C37) -> 0
B7: Hours a month, all tasks | C7: =SUM(Tasks!H8:H37) -> 0
B8: Hours a month kept with people | C8: =SUMIFS(Tasks!H8:H37,Tasks!M8:M37,"Keep with people") -> 0
B9: Hours a month open to a tool | C9: =C7-C8 -> 0
B10: Red lines | C10: =COUNTIF(Worries!E8:E26,"Never automate this") -> 0
B11: Fit for a tool = hours a month × (4 − judgement) × (4 − impact). Tasks the team keeps with people show 'Kept'.
B12: Task by task
B13: Task | C13: Hours a month | D13: Judgement (1-3) | E13: Impact (1-3) | F13: Examples | G13: Rules written | H13: Team's view | I13: Fit for a tool
D14: 1 = checklist | E14: 3 = serious | F14: Aim: 5 | I14: Higher = better first pick
B15: =IF(Tasks!C8="","",Tasks!C8) | C15: =IF(B15="","",Tasks!H8) | D15: =IF(OR(B15="",Tasks!I8=""),"",MATCH(Tasks!I8,Lists!$C$2:$C$4,0)) | E15: =IF(OR(B15="",Tasks!J8=""),"",MATCH(Tasks!J8,Lists!$D$2:$D$4,0)) | F15: =IF(B15="","",COUNTIF(Examples!$B$8:$B$66,B15)) | G15: =IF(B15="","",IF(COUNTIFS('How you decide'!$B$8:$B$37,B15,'How you decide'!$C$8:$C$37,"?*")>0,"Yes","No")) | H15: =IF(B15="","",IF(Tasks!M8="","",Tasks!M8)) | I15: =IF(OR(B15="",C15="",D15="",E15=""),"",IF(H15="Keep with people","Kept",ROUND(C15*(4-D15)*(4-E15),1)))
B16: =IF(Tasks!C9="","",Tasks!C9) | C16: =IF(B16="","",Tasks!H9) | D16: =IF(OR(B16="",Tasks!I9=""),"",MATCH(Tasks!I9,Lists!$C$2:$C$4,0)) | E16: =IF(OR(B16="",Tasks!J9=""),"",MATCH(Tasks!J9,Lists!$D$2:$D$4,0)) | F16: =IF(B16="","",COUNTIF(Examples!$B$8:$B$66,B16)) | G16: =IF(B16="","",IF(COUNTIFS('How you decide'!$B$8:$B$37,B16,'How you decide'!$C$8:$C$37,"?*")>0,"Yes","No")) | H16: =IF(B16="","",IF(Tasks!M9="","",Tasks!M9)) | I16: =IF(OR(B16="",C16="",D16="",E16=""),"",IF(H16="Keep with people","Kept",ROUND(C16*(4-D16)*(4-E16),1)))
B17: =IF(Tasks!C10="","",Tasks!C10) | C17: =IF(B17="","",Tasks!H10) | D17: =IF(OR(B17="",Tasks!I10=""),"",MATCH(Tasks!I10,Lists!$C$2:$C$4,0)) | E17: =IF(OR(B17="",Tasks!J10=""),"",MATCH(Tasks!J10,Lists!$D$2:$D$4,0)) | F17: =IF(B17="","",COUNTIF(Examples!$B$8:$B$66,B17)) | G17: =IF(B17="","",IF(COUNTIFS('How you decide'!$B$8:$B$37,B17,'How you decide'!$C$8:$C$37,"?*")>0,"Yes","No")) | H17: =IF(B17="","",IF(Tasks!M10="","",Tasks!M10)) | I17: =IF(OR(B17="",C17="",D17="",E17=""),"",IF(H17="Keep with people","Kept",ROUND(C17*(4-D17)*(4-E17),1)))
B18: =IF(Tasks!C11="","",Tasks!C11) | C18: =IF(B18="","",Tasks!H11) | D18: =IF(OR(B18="",Tasks!I11=""),"",MATCH(Tasks!I11,Lists!$C$2:$C$4,0)) | E18: =IF(OR(B18="",Tasks!J11=""),"",MATCH(Tasks!J11,Lists!$D$2:$D$4,0)) | F18: =IF(B18="","",COUNTIF(Examples!$B$8:$B$66,B18)) | G18: =IF(B18="","",IF(COUNTIFS('How you decide'!$B$8:$B$37,B18,'How you decide'!$C$8:$C$37,"?*")>0,"Yes","No")) | H18: =IF(B18="","",IF(Tasks!M11="","",Tasks!M11)) | I18: =IF(OR(B18="",C18="",D18="",E18=""),"",IF(H18="Keep with people","Kept",ROUND(C18*(4-D18)*(4-E18),1)))
B19: =IF(Tasks!C12="","",Tasks!C12) | C19: =IF(B19="","",Tasks!H12) | D19: =IF(OR(B19="",Tasks!I12=""),"",MATCH(Tasks!I12,Lists!$C$2:$C$4,0)) | E19: =IF(OR(B19="",Tasks!J12=""),"",MATCH(Tasks!J12,Lists!$D$2:$D$4,0)) | F19: =IF(B19="","",COUNTIF(Examples!$B$8:$B$66,B19)) | G19: =IF(B19="","",IF(COUNTIFS('How you decide'!$B$8:$B$37,B19,'How you decide'!$C$8:$C$37,"?*")>0,"Yes","No")) | H19: =IF(B19="","",IF(Tasks!M12="","",Tasks!M12)) | I19: =IF(OR(B19="",C19="",D19="",E19=""),"",IF(H19="Keep with people","Kept",ROUND(C19*(4-D19)*(4-E19),1)))
B20: =IF(Tasks!C13="","",Tasks!C13) | C20: =IF(B20="","",Tasks!H13) | D20: =IF(OR(B20="",Tasks!I13=""),"",MATCH(Tasks!I13,Lists!$C$2:$C$4,0)) | E20: =IF(OR(B20="",Tasks!J13=""),"",MATCH(Tasks!J13,Lists!$D$2:$D$4,0)) | F20: =IF(B20="","",COUNTIF(Examples!$B$8:$B$66,B20)) | G20: =IF(B20="","",IF(COUNTIFS('How you decide'!$B$8:$B$37,B20,'How you decide'!$C$8:$C$37,"?*")>0,"Yes","No")) | H20: =IF(B20="","",IF(Tasks!M13="","",Tasks!M13)) | I20: =IF(OR(B20="",C20="",D20="",E20=""),"",IF(H20="Keep with people","Kept",ROUND(C20*(4-D20)*(4-E20),1)))
B21: =IF(Tasks!C14="","",Tasks!C14) | C21: =IF(B21="","",Tasks!H14) | D21: =IF(OR(B21="",Tasks!I14=""),"",MATCH(Tasks!I14,Lists!$C$2:$C$4,0)) | E21: =IF(OR(B21="",Tasks!J14=""),"",MATCH(Tasks!J14,Lists!$D$2:$D$4,0)) | F21: =IF(B21="","",COUNTIF(Examples!$B$8:$B$66,B21)) | G21: =IF(B21="","",IF(COUNTIFS('How you decide'!$B$8:$B$37,B21,'How you decide'!$C$8:$C$37,"?*")>0,"Yes","No")) | H21: =IF(B21="","",IF(Tasks!M14="","",Tasks!M14)) | I21: =IF(OR(B21="",C21="",D21="",E21=""),"",IF(H21="Keep with people","Kept",ROUND(C21*(4-D21)*(4-E21),1)))
B22: =IF(Tasks!C15="","",Tasks!C15) | C22: =IF(B22="","",Tasks!H15) | D22: =IF(OR(B22="",Tasks!I15=""),"",MATCH(Tasks!I15,Lists!$C$2:$C$4,0)) | E22: =IF(OR(B22="",Tasks!J15=""),"",MATCH(Tasks!J15,Lists!$D$2:$D$4,0)) | F22: =IF(B22="","",COUNTIF(Examples!$B$8:$B$66,B22)) | G22: =IF(B22="","",IF(COUNTIFS('How you decide'!$B$8:$B$37,B22,'How you decide'!$C$8:$C$37,"?*")>0,"Yes","No")) | H22: =IF(B22="","",IF(Tasks!M15="","",Tasks!M15)) | I22: =IF(OR(B22="",C22="",D22="",E22=""),"",IF(H22="Keep with people","Kept",ROUND(C22*(4-D22)*(4-E22),1)))
B23: =IF(Tasks!C16="","",Tasks!C16) | C23: =IF(B23="","",Tasks!H16) | D23: =IF(OR(B23="",Tasks!I16=""),"",MATCH(Tasks!I16,Lists!$C$2:$C$4,0)) | E23: =IF(OR(B23="",Tasks!J16=""),"",MATCH(Tasks!J16,Lists!$D$2:$D$4,0)) | F23: =IF(B23="","",COUNTIF(Examples!$B$8:$B$66,B23)) | G23: =IF(B23="","",IF(COUNTIFS('How you decide'!$B$8:$B$37,B23,'How you decide'!$C$8:$C$37,"?*")>0,"Yes","No")) | H23: =IF(B23="","",IF(Tasks!M16="","",Tasks!M16)) | I23: =IF(OR(B23="",C23="",D23="",E23=""),"",IF(H23="Keep with people","Kept",ROUND(C23*(4-D23)*(4-E23),1)))
B24: =IF(Tasks!C17="","",Tasks!C17) | C24: =IF(B24="","",Tasks!H17) | D24: =IF(OR(B24="",Tasks!I17=""),"",MATCH(Tasks!I17,Lists!$C$2:$C$4,0)) | E24: =IF(OR(B24="",Tasks!J17=""),"",MATCH(Tasks!J17,Lists!$D$2:$D$4,0)) | F24: =IF(B24="","",COUNTIF(Examples!$B$8:$B$66,B24)) | G24: =IF(B24="","",IF(COUNTIFS('How you decide'!$B$8:$B$37,B24,'How you decide'!$C$8:$C$37,"?*")>0,"Yes","No")) | H24: =IF(B24="","",IF(Tasks!M17="","",Tasks!M17)) | I24: =IF(OR(B24="",C24="",D24="",E24=""),"",IF(H24="Keep with people","Kept",ROUND(C24*(4-D24)*(4-E24),1)))
B25: =IF(Tasks!C18="","",Tasks!C18) | C25: =IF(B25="","",Tasks!H18) | D25: =IF(OR(B25="",Tasks!I18=""),"",MATCH(Tasks!I18,Lists!$C$2:$C$4,0)) | E25: =IF(OR(B25="",Tasks!J18=""),"",MATCH(Tasks!J18,Lists!$D$2:$D$4,0)) | F25: =IF(B25="","",COUNTIF(Examples!$B$8:$B$66,B25)) | G25: =IF(B25="","",IF(COUNTIFS('How you decide'!$B$8:$B$37,B25,'How you decide'!$C$8:$C$37,"?*")>0,"Yes","No")) | H25: =IF(B25="","",IF(Tasks!M18="","",Tasks!M18)) | I25: =IF(OR(B25="",C25="",D25="",E25=""),"",IF(H25="Keep with people","Kept",ROUND(C25*(4-D25)*(4-E25),1)))
B26: =IF(Tasks!C19="","",Tasks!C19) | C26: =IF(B26="","",Tasks!H19) | D26: =IF(OR(B26="",Tasks!I19=""),"",MATCH(Tasks!I19,Lists!$C$2:$C$4,0)) | E26: =IF(OR(B26="",Tasks!J19=""),"",MATCH(Tasks!J19,Lists!$D$2:$D$4,0)) | F26: =IF(B26="","",COUNTIF(Examples!$B$8:$B$66,B26)) | G26: =IF(B26="","",IF(COUNTIFS('How you decide'!$B$8:$B$37,B26,'How you decide'!$C$8:$C$37,"?*")>0,"Yes","No")) | H26: =IF(B26="","",IF(Tasks!M19="","",Tasks!M19)) | I26: =IF(OR(B26="",C26="",D26="",E26=""),"",IF(H26="Keep with people","Kept",ROUND(C26*(4-D26)*(4-E26),1)))
... B44: =IF(Tasks!C37="","",Tasks!C37) | C44: =IF(B44="","",Tasks!H37) | D44: =IF(OR(B44="",Tasks!I37=""),"",MATCH(Tasks!I37,Lists!$C$2:$C$4,0)) | E44: =IF(OR(B44="",Tasks!J37=""),"",MATCH(Tasks!J37,Lists!$D$2:$D$4,0)) | F44: =IF(B44="","",COUNTIF(Examples!$B$8:$B$66,B44)) | G44: =IF(B44="","",IF(COUNTIFS('How you decide'!$B$8:$B$37,B44,'How you decide'!$C$8:$C$37,"?*")>0,"Yes","No")) | H44: =IF(B44="","",IF(Tasks!M37="","",Tasks!M37)) | I44: =IF(OR(B44="",C44="",D44="",E44=""),"",IF(H44="Keep with people","Kept",ROUND(C44*(4-D44)*(4-E44),1)))
B46: Hours a month by judgement and impact
B47: Rows: judgement. Columns: impact if it goes wrong. Top left is the best place to start.
C48: Minor | D48: Moderate | E48: Serious
B49: Checklist | C49: =SUMIFS($C$15:$C$44,$D$15:$D$44,1,$E$15:$E$44,1,$H$15:$H$44,"<>Keep with people") -> 0 | D49: =SUMIFS($C$15:$C$44,$D$15:$D$44,1,$E$15:$E$44,2,$H$15:$H$44,"<>Keep with people") -> 0 | E49: =SUMIFS($C$15:$C$44,$D$15:$D$44,1,$E$15:$E$44,3,$H$15:$H$44,"<>Keep with people") -> 0
B50: Within limits | C50: =SUMIFS($C$15:$C$44,$D$15:$D$44,2,$E$15:$E$44,1,$H$15:$H$44,"<>Keep with people") -> 0 | D50: =SUMIFS($C$15:$C$44,$D$15:$D$44,2,$E$15:$E$44,2,$H$15:$H$44,"<>Keep with people") -> 0 | E50: =SUMIFS($C$15:$C$44,$D$15:$D$44,2,$E$15:$E$44,3,$H$15:$H$44,"<>Keep with people") -> 0
B51: Deep experience | C51: =SUMIFS($C$15:$C$44,$D$15:$D$44,3,$E$15:$E$44,1,$H$15:$H$44,"<>Keep with people") -> 0 | D51: =SUMIFS($C$15:$C$44,$D$15:$D$44,3,$E$15:$E$44,2,$H$15:$H$44,"<>Keep with people") -> 0 | E51: =SUMIFS($C$15:$C$44,$D$15:$D$44,3,$E$15:$E$44,3,$H$15:$H$44,"<>Keep with people") -> 0
B52: Tasks marked 'Keep with people' are left out of this grid.
B54: Gaps to close
B55: Tasks with fewer than 3 examples | C55: =COUNTIFS(B15:B44,"<>",F15:F44,"<3") -> 0
B56: Tasks with no 'How you decide' notes | C56: =COUNTIF(G15:G44,"No") -> 0
B57: Tasks with no team view | C57: =COUNTIFS(Tasks!C8:C37,"<>",Tasks!M8:M37,"") -> 0
B58: Examples that went wrong | C58: =COUNTIF(Examples!F8:F66,"Went wrong") -> 0
B59: Actions overdue | C59: =COUNTIFS('Next steps'!E8:E36,"<"&TODAY(),'Next steps'!F8:F36,"<>Done",'Next steps'!E8:E36,"<>") -> 0

Sheet Lists
A1: Per | B1: PerFactor | C1: Judgement | D1: Impact | E1: Hard | F1: View | G1: Outcome | H1: Sensitive | I1: YesNoMaybe | J1: RedLine | K1: Status | L1: YesNo
A2: Day | B2: 21.7 | C2: Follow a checklist | D2: Minor: easy to fix | E2: Slow | F2: Keep with people | G2: Right first time | H2: None | I2: Yes | J2: Never automate this | K2: Not started | L2: Yes
A3: Week | B3: 4.33 | C3: Weigh it up, within limits | D3: Moderate: costs time or goodwill | E3: Repetitive | F3: People, with tool help | G3: Needed a fix | H3: Personal data | I3: No | J3: A person must approve | K3: In progress | L3: No
A4: Month | B4: 1 | C4: Needs deep experience | D4: Serious: money, legal or customer harm | E4: Easy to get wrong | F4: Tool drafts, person checks | G4: Went wrong | H4: Confidential business info | I4: Not sure | J4: Just a worry | K4: Blocked
A5: Year | B5: 0.083333333 | E5: Waiting on others | F5: Tool alone is fine | H5: Both | K5: Done
E6: Not hard | F6: Not sure
